member_id,full_name,email,signup_date,last_checkin_date,membership_status,plan_name,monthly_fee,partner_name,days_since_last_checkin,days_since_signup,member_health_flag,is_currently_active
M007,Jamie Morris,jamie.morris.m007@example.com,2026-02-05,2026-03-16,active,Basic,79.0,Atlas Wellness Club,30.0,69,healthy,True
M037,Jamie Morris,jamie.morris.m037@example.com,2025-02-26,2026-02-27,active,Basic,79.0,Atlas Wellness Club,47.0,413,at_risk,True
M002,Jordan Perry,jordan.perry.m002@example.com,2025-07-19,2026-04-10,active,Basic,79.0,Atlas Wellness Club,5.0,270,healthy,True
M017,Jordan Perry,jordan.perry.m017@example.com,2025-06-03,2026-03-20,cancelled,Basic,79.0,Atlas Wellness Club,26.0,316,healthy,False
M032,Jordan Perry,jordan.perry.m032@example.com,2025-07-18,2026-04-11,active,Basic,79.0,Atlas Wellness Club,4.0,271,healthy,True
M047,Jordan Perry,jordan.perry.m047@example.com,2025-04-09,2026-03-21,active,Basic,79.0,Atlas Wellness Club,25.0,371,healthy,True
M022,Jamie Morris,jamie.morris.m022@example.com,2025-03-15,2026-04-13,active,Corporate,249.0,Atlas Wellness Club,2.0,396,healthy,True
M012,Logan Bennett,logan.bennett.m012@example.com,2025-04-11,2026-04-14,active,Premium,129.0,Atlas Wellness Club,1.0,369,healthy,True
M027,Logan Bennett,logan.bennett.m027@example.com,2025-12-29,2026-03-21,active,Premium,129.0,Atlas Wellness Club,25.0,107,healthy,True
M042,Logan Bennett,logan.bennett.m042@example.com,2025-05-08,2026-04-12,active,Premium,129.0,Atlas Wellness Club,3.0,342,healthy,True
M008,Cameron Carter,cameron.carter.m008@example.com,2025-05-06,2026-02-10,paused,Basic,79.0,Blue Harbor Gym,64.0,344,inactive,False
M023,Cameron Carter,cameron.carter.m023@example.com,2025-01-13,2026-04-13,active,Basic,79.0,Blue Harbor Gym,2.0,457,healthy,True
M038,Cameron Carter,cameron.carter.m038@example.com,2026-01-13,2026-02-03,paused,Basic,79.0,Blue Harbor Gym,71.0,92,inactive,False
M013,Harper Diaz,harper.diaz.m013@example.com,2026-02-20,2026-04-10,active,Basic,79.0,Blue Harbor Gym,5.0,54,healthy,True
M028,Harper Diaz,harper.diaz.m028@example.com,2025-07-08,2026-01-28,paused,Basic,79.0,Blue Harbor Gym,77.0,281,inactive,False
M043,Harper Diaz,harper.diaz.m043@example.com,2025-10-19,2026-04-13,active,Basic,79.0,Blue Harbor Gym,2.0,178,healthy,True
M033,Taylor Price,taylor.price.m033@example.com,2025-11-21,2026-03-30,active,Corporate,249.0,Blue Harbor Gym,16.0,145,healthy,True
M003,Taylor Price,taylor.price.m003@example.com,2025-12-05,2026-04-05,active,Premium,129.0,Blue Harbor Gym,10.0,131,healthy,True
M018,Taylor Price,taylor.price.m018@example.com,2025-12-07,2026-02-02,paused,Premium,129.0,Blue Harbor Gym,72.0,129,inactive,False
M048,Taylor Price,taylor.price.m048@example.com,2025-05-02,2026-02-19,paused,Premium,129.0,Blue Harbor Gym,55.0,348,at_risk,False
M001,Alex Mason,alex.mason.m001@example.com,2025-11-27,2026-04-13,active,Basic,79.0,North Peak Fitness,2.0,139,healthy,True
M016,Alex Mason,alex.mason.m016@example.com,2026-02-08,2026-03-19,active,Basic,79.0,North Peak Fitness,27.0,66,healthy,True
M031,Alex Mason,alex.mason.m031@example.com,2025-11-25,2026-04-09,active,Basic,79.0,North Peak Fitness,6.0,141,healthy,True
M046,Alex Mason,alex.mason.m046@example.com,2025-07-02,2026-03-21,active,Basic,79.0,North Peak Fitness,25.0,287,healthy,True
M026,Parker Reed,parker.reed.m026@example.com,2025-10-25,2026-03-13,active,Basic,79.0,North Peak Fitness,33.0,172,at_risk,True
M041,Parker Reed,parker.reed.m041@example.com,2025-04-23,2026-04-13,active,Basic,79.0,North Peak Fitness,2.0,357,healthy,True
M011,Parker Reed,parker.reed.m011@example.com,2025-07-26,2026-04-12,active,Corporate,249.0,North Peak Fitness,3.0,263,healthy,True
M006,Riley Gray,riley.gray.m006@example.com,2025-03-08,2026-03-14,active,Premium,129.0,North Peak Fitness,32.0,403,at_risk,True
M021,Riley Gray,riley.gray.m021@example.com,2025-01-22,2026-04-14,active,Premium,129.0,North Peak Fitness,1.0,448,healthy,True
M036,Riley Gray,riley.gray.m036@example.com,2025-12-02,2026-03-11,active,Premium,129.0,North Peak Fitness,35.0,134,at_risk,True
M010,Avery Brooks,avery.brooks.m010@example.com,2026-02-13,,active,Premium Plus,179.0,Prime Core Studio,,61,inactive,True
M025,Avery Brooks,avery.brooks.m025@example.com,2025-06-28,2026-04-12,active,Premium Plus,179.0,Prime Core Studio,3.0,291,healthy,True
M040,Avery Brooks,avery.brooks.m040@example.com,2025-06-27,,active,Premium Plus,179.0,Prime Core Studio,,292,inactive,True
M015,Blake Turner,blake.turner.m015@example.com,2025-04-05,2026-04-09,active,Premium Plus,179.0,Prime Core Studio,6.0,375,healthy,True
M030,Blake Turner,blake.turner.m030@example.com,2025-07-14,,active,Premium Plus,179.0,Prime Core Studio,,275,inactive,True
M045,Blake Turner,blake.turner.m045@example.com,2025-10-17,2026-04-11,active,Premium Plus,179.0,Prime Core Studio,4.0,180,healthy,True
M005,Casey Parker,casey.parker.m005@example.com,2025-02-21,2026-04-11,active,Premium Plus,179.0,Prime Core Studio,4.0,418,healthy,True
M020,Casey Parker,casey.parker.m020@example.com,2025-09-24,,active,Premium Plus,179.0,Prime Core Studio,,203,inactive,True
M035,Casey Parker,casey.parker.m035@example.com,2025-03-08,2026-04-05,active,Premium Plus,179.0,Prime Core Studio,10.0,403,healthy,True
M050,Casey Parker,casey.parker.m050@example.com,2025-02-14,,active,Premium Plus,179.0,Prime Core Studio,,425,inactive,True
M004,Morgan Ward,morgan.ward.m004@example.com,2025-11-19,2026-04-13,active,Basic,79.0,Urban Motion Hub,2.0,147,healthy,True
M019,Morgan Ward,morgan.ward.m019@example.com,2025-02-15,2026-04-11,active,Basic,79.0,Urban Motion Hub,4.0,424,healthy,True
M034,Morgan Ward,morgan.ward.m034@example.com,2026-02-16,2026-04-09,cancelled,Basic,79.0,Urban Motion Hub,6.0,58,healthy,False
M049,Morgan Ward,morgan.ward.m049@example.com,2026-01-25,2026-04-11,cancelled,Basic,79.0,Urban Motion Hub,4.0,80,healthy,False
M014,Skyler Jordan,skyler.jordan.m014@example.com,2025-04-17,2026-04-11,active,Basic,79.0,Urban Motion Hub,4.0,363,healthy,True
M029,Skyler Jordan,skyler.jordan.m029@example.com,2025-06-15,2026-04-11,active,Basic,79.0,Urban Motion Hub,4.0,304,healthy,True
M044,Skyler Jordan,skyler.jordan.m044@example.com,2025-06-01,2026-04-02,active,Corporate,249.0,Urban Motion Hub,13.0,318,healthy,True
M009,Drew Hayes,drew.hayes.m009@example.com,2025-03-06,2026-04-11,active,Premium,129.0,Urban Motion Hub,4.0,405,healthy,True
M024,Drew Hayes,drew.hayes.m024@example.com,2025-12-29,2026-04-11,active,Premium,129.0,Urban Motion Hub,4.0,107,healthy,True
M039,Drew Hayes,drew.hayes.m039@example.com,2025-12-18,2026-04-11,active,Premium,129.0,Urban Motion Hub,4.0,118,healthy,True
